epoch,acc,loss,val_acc,val_loss
0,0.25,5.9221038818359375,0.0,32.236190795898438
1,0.0,15.208614349365234,0.0,32.236190795898438
2,0.0,9.5243663787841797,0.0,30.284561157226562
3,0.25,5.5265583992004395,0.0,34.858642578125
4,0.5,8.8189191818237305,0.5,26.938034057617188
