epoch,acc,loss,val_acc,val_loss
0,0.0,6.524327278137207,0.0,48.354286193847656
