epoch,acc,loss,val_acc,val_loss
0,0.34876954555511475,0.87832820415496826,0.4642333984375,1.5810666084289551
1,0.55563962459564209,0.7363821268081665,0.52000975608825684,0.70935028791427612
