epoch,acc,loss,val_acc,val_loss
0,0.40742889046669006,0.73805409669876099,0.53310483694076538,0.72456878423690796
1,0.49891999363899231,0.68513339757919312,0.61675447225570679,0.67726755142211914
