epoch,acc,loss,val_acc,val_loss
0,0.790258075841723,0.1300767304351151,0.6370983719825745,0.22176754474639893
1,0.7989456732827136,0.11881568867729624,1.0,2.485513687133789e-05
